<?xml version="1.0" encoding='UTF-8'?>
<odoo>
	<record id="quotation_expiry_reminder_cron" model="ir.cron">
        <field name="name">Quotation Expiry</field>
        <field name="model_id" ref="model_sale_order"/>
        <field name="state">code</field>
        <field name="code">model._action_cron()</field>
        <field name="interval_number">1</field>
        <field name="interval_type">days</field>
        <field name="numbercall">-1</field>
        <field name="doall" eval="False"/>
    </record>
</odoo>