<?xml version="1.0" encoding="utf-8"?>
<odoo>
    <data noupdate="0">

        <!--Email template -->
        <record id="email_template_sale_approval_mail" model="mail.template">
            <field name="name">Sale Approval Mail</field>
            <field name="email_from">${object.user_id.email or ''}</field>
            <field name="subject">RMCL | Sale Approval Request | Quotation ${object.name or '' }</field>
            <field name="email_to">${object.approver_id.email}</field>
            <field name="model_id" ref="sale_approval.model_sale_order"/>
            <field name="auto_delete" eval="True"/>
            <field name="user_signature" eval="True"/>
            <field name="lang">${object.partner_id.lang}</field>
            <field name="body_html"><![CDATA[
               <p> Dear Sir / Madam,</p> 

% if not object.next_discount_amount:   
<p>Requesting your approval on the quotation ${object.name}.</p>
% endif

% if object.next_discount_amount:               
<p>Kindly Requesting your approval for providing a discount of ${object.get_discount()}% on the quotation ${object.name}.</p>
% endif

<p><b>Notes:</b></p>
<p>${object.get_reason_notes()}</p>  

    <p>Thank you</p>   
            ]]></field>
        </record>

</data>
</odoo>